Episode,Success,Steps,Reward,PathDistance
0,0,132,-0.02639997,33.37394
1,0,0,0,0
1,0,0,0,0
1,0,0,0,0
1,0,0,0,0
0,0,151,-0.03019996,35.63971
1,0,0,0,0
1,0,0,0,0
0,0,152,-0.03039996,36.12658
0,0,153,-0.03059996,34.82961
1,0,0,0,0
0,0,167,-0.03339996,35.55638
1,0,0,0,0
1,0,0,0,0
0,0,178,-0.03559995,36.26223
1,0,0,0,0
1,0,0,0,0
0,0,192,-0.03839995,39.08722
1,0,0,0,0
1,0,0,0,0
1,0,0,0,0
1,0,0,0,0
0,0,197,-0.03939995,38.88657
0,0,203,-0.04059995,39.96889
0,0,223,-0.04459994,38.41911
0,0,224,-0.04479994,39.4253
1,0,0,0,0
1,0,0,0,0
1,0,0,0,0
1,0,0,0,0
1,0,0,0,0
0,0,256,0.4487997,45.44714
0,0,270,-0.05399992,42.38749
1,0,0,0,0
1,0,0,0,0
1,0,0,0,0
0,0,275,0.4449997,42.48496
1,0,123,-1.024604,33.52901
1,0,129,-0.02579997,31.65401
1,0,146,-2.029205,33.33683
2,0,0,0,0
2,0,0,0,0
1,0,193,-4.03856,38.02409
2,0,0,0,0
2,0,0,0,0
2,0,0,0,0
2,0,0,0,0
0,0,339,0.3153992,48.54682
1,0,0,0,0
1,0,149,-0.02979996,32.69376
1,0,161,-5.032167,35.89554
2,0,0,0,0
2,0,0,0,0
2,0,0,0,0
2,0,0,0,0
2,0,0,0,0
1,0,201,-4.040159,38.3502
2,0,0,0,0
2,0,0,0,0
2,0,0,0,0
2,0,0,0,0
1,0,145,-0.02899997,35.03945
1,0,146,-0.02919997,33.21232
1,0,157,-3.031405,36.16858
2,0,0,0,0
2,0,0,0,0
2,0,0,0,0
0,0,433,0.9134061,62.09656
2,0,159,-0.03179996,34.93967
3,0,0,0,0
1,0,288,-1.55761,49.15311
2,0,0,0,0
2,0,0,0,0
2,0,0,0,0
2,0,117,-4.023376,31.60537
3,0,0,0,0
3,0,0,0,0
3,0,0,0,0
3,0,0,0,0
2,0,181,-0.03619995,38.11085
2,0,184,-1.536806,41.72341
3,0,0,0,0
3,0,0,0,0
1,0,285,0.4429996,44.75566
2,0,136,-4.027172,33.28458
3,0,0,0,0
3,0,0,0,0
3,0,0,0,0
3,0,0,0,0
2,0,152,-5.030369,33.89739
3,0,0,0,0
3,0,0,0,0
3,0,0,0,0
3,0,112,-1.022404,32.35891
4,0,0,0,0
2,0,199,-0.03979995,37.62357
2,0,128,-3.025604,31.87254
3,0,0,0,0
3,0,0,0,0
3,0,0,0,0
3,0,0,0,0
3,0,0,0,0
2,0,173,-0.03459996,37.52815
1,1,423,2.873086,46.41178
2,0,190,-3.038006,39.09499
2,0,230,0.4539998,42.88844
3,0,0,0,0
3,0,202,-4.040359,38.82051
4,0,0,0,0
4,0,0,0,0
4,0,0,0,0
4,0,0,0,0
3,0,148,-2.029605,33.29653
4,0,0,0,0
4,0,0,0,0
2,0,139,-0.02779997,33.12425
3,0,124,-0.02479997,32.23431
4,0,144,-1.028805,34.19897
5,0,0,0,0
1,0,373,-0.789599,56.56679
2,0,0,0,0
4,0,124,-4.024775,33.57988
5,0,0,0,0
5,0,0,0,0
5,0,0,0,0
5,0,0,0,0
3,0,140,-0.02799997,32.9367
4,0,0,0,0
4,0,0,0,0
1,0,340,0.9320021,55.61604
3,0,128,-0.02559997,32.09385
4,0,132,-2.026404,33.01801
5,0,0,0,0
5,0,0,0,0
3,0,226,-5.045154,40.45843
4,0,0,0,0
4,0,0,0,0
4,0,0,0,0
4,0,0,0,0
4,0,0,0,0
3,0,256,-4.051147,40.15982
4,0,0,0,0
4,0,0,0,0
4,0,0,0,0
4,0,0,0,0
2,0,194,-0.03879995,37.9699
3,0,0,0,0
3,0,0,0,0
3,0,304,-3.06081,49.93591
4,0,0,0,0
4,0,0,0,0
4,0,0,0,0
2,0,139,-1.027805,34.02246
3,0,232,-0.5464018,43.31928
3,0,425,1.415,63.10683
5,0,119,-2.023804,31.76742
6,0,0,0,0
6,0,0,0,0
1,0,706,1.249198,86.44608
4,0,138,-5.027572,33.95445
5,0,0,0,0
5,0,0,0,0
5,0,0,0,0
2,0,147,-0.02939996,34.61719
5,0,249,-0.5498015,44.78338
6,0,0,0,0
5,0,179,-4.035763,36.02051
6,0,0,0,0
6,0,0,0,0
6,0,0,0,0
6,0,0,0,0
4,0,163,-4.032567,35.74927
5,0,0,0,0
5,0,0,0,0
5,0,0,0,0
5,0,0,0,0
4,0,188,-2.037606,38.49309
5,0,0,0,0
5,0,0,0,0
3,0,397,0.9206024,52.58077
4,0,156,-3.031205,35.11453
5,0,0,0,0
5,0,0,0,0
5,0,0,0,0
5,0,0,0,0
5,0,0,0,0
3,0,165,-0.03299996,34.50973
4,0,0,0,0
6,0,121,-2.024204,32.78785
7,0,0,0,0
7,0,0,0,0
4,0,157,-0.03139996,33.90004
4,0,252,0.9496012,44.58781
6,0,124,-4.024775,32.30931
7,0,0,0,0
7,0,0,0,0
7,0,0,0,0
7,0,0,0,0
5,0,128,-4.025574,31.5529
6,0,0,0,0
6,0,0,0,0
6,0,0,0,0
6,0,0,0,0
4,0,420,0.4159993,59.08686
3,0,177,-0.03539995,35.99135
5,0,192,-3.038406,37.6776
6,0,0,0,0
6,0,0,0,0
6,0,0,0,0
2,0,210,0.4579998,40.26433
6,0,181,-1.036206,37.76337
7,0,0,0,0
4,0,142,-0.02839997,33.95335
3,0,358,-1.571612,49.90025
4,0,0,0,0
4,0,0,0,0
4,0,275,0.4449997,47.24578
5,0,0,0,0
7,0,161,-2.032205,35.83299
8,0,0,0,0
8,0,0,0,0
4,0,171,-1.034206,34.00155
5,0,0,0,0
5,0,185,-0.03699995,37.64539
6,0,0,0,0
5,0,255,-2.051008,44.95752
5,0,196,0.4607998,40.90894
6,0,0,0,0
7,0,159,-4.031767,33.05256
8,0,0,0,0
8,0,0,0,0
8,0,0,0,0
8,0,0,0,0
6,0,132,-3.026404,32.41396
7,0,0,0,0
7,0,0,0,0
7,0,0,0,0
6,0,187,-4.037362,35.26679
7,0,0,0,0
7,0,0,0,0
7,0,0,0,0
7,0,0,0,0
7,0,155,-1.031005,35.39206
8,0,0,0,0
3,0,182,-0.03639995,37.66071
8,0,139,-2.027805,32.65525
9,0,0,0,0
9,0,0,0,0
5,0,132,-1.026404,32.52325
5,0,208,-0.04159994,39.06964
6,0,130,-1.026004,32.96065
4,0,217,-1.543407,41.30375
5,0,0,0,0
5,0,0,0,0
6,0,190,-1.038006,37.86977
6,0,211,-0.04219994,35.2632
7,0,0,0,0
7,0,0,0,0
4,0,340,-0.068,48.75944
4,0,155,-0.03099996,33.13837
8,0,225,-3.544972,42.39848
9,0,0,0,0
9,0,0,0,0
9,0,0,0,0
9,0,0,0,0
5,0,302,-0.5604049,44.17728
6,0,0,0,0
5,0,379,0.4241993,57.36014
6,0,140,-0.02799997,35.33881
7,0,136,-0.02719997,33.01297
7,0,286,-2.557209,46.19918
5,0,159,-2.031805,34.91044
8,0,0,0,0
8,0,0,0,0
6,0,0,0,0
6,0,0,0,0
8,0,0,0,0
6,0,212,-0.04239994,40.57267
8,0,267,-0.553403,43.84178
9,0,0,0,0
7,0,123,-2.024604,31.94817
8,0,0,0,0
8,0,0,0,0
5,0,119,-0.02379997,32.42361
5,0,135,-0.02699997,32.26774
5,0,615,-4.122874,83.43178
6,0,0,0,0
6,0,0,0,0
6,0,0,0,0
7,0,146,-0.02919997,34.85982
8,0,154,-0.03079996,31.77122
8,0,128,-3.025604,31.93159
9,0,0,0,0
9,0,340,-1.568011,55.51542
10,0,0,0,0
9,0,0,0,0
10,0,0,0,0
9,0,0,0,0
9,0,136,-1.027205,33.45124
10,0,0,0,0
7,0,426,-3.085181,64.78724
8,0,0,0,0
8,0,0,0,0
8,0,0,0,0
8,0,0,0,0
7,0,310,0.4379994,51.23911
8,0,0,0,0
6,0,242,0.4515999,39.45274
7,0,194,0.4611997,42.35894
6,0,196,-0.03919995,36.77155
6,0,264,-1.552809,44.21619
7,0,0,0,0
7,0,0,0,0
9,0,346,-4.069129,53.2476
10,0,0,0,0
10,0,0,0,0
10,0,0,0,0
10,0,0,0,0
9,0,146,-3.029205,33.40276
10,0,0,0,0
10,0,0,0,0
10,0,0,0,0
9,0,181,-0.03619995,37.12152
10,0,175,-2.035006,34.01702
11,0,0,0,0
11,0,0,0,0
6,0,371,-0.5741978,56.18853
7,0,0,0,0
8,0,296,-1.55921,47.8797
9,0,0,0,0
8,0,216,-0.04319994,40.45028
6,0,262,0.4475998,43.49849
8,0,123,-0.02459997,31.44044
8,0,180,-4.035963,36.29214
9,0,0,0,0
9,0,0,0,0
9,0,0,0,0
9,0,0,0,0
7,0,173,-0.03459996,34.52293
7,0,124,-2.024804,32.37548
8,0,0,0,0
8,0,0,0,0
10,0,121,-4.024175,31.09613
11,0,0,0,0
11,0,0,0,0
11,0,0,0,0
11,0,0,0,0
8,0,244,-0.04880355,42.52889
9,0,0,0,0
11,0,119,-2.023804,32.30126
12,0,0,0,0
12,0,0,0,0
10,0,292,-0.6614019,47.16826
11,0,0,0,0
7,0,238,0.952401,44.61131
9,0,148,-0.02959996,33.48105
7,0,163,-1.032605,35.17774
10,0,197,-0.03939995,35.13413
10,0,222,-3.044407,37.75804
11,0,0,0,0
11,0,0,0,0
11,0,0,0,0
11,0,0,0,0
11,0,0,0,0
9,0,171,-4.034165,36.42757
10,0,0,0,0
10,0,0,0,0
10,0,0,0,0
10,0,0,0,0
7,0,248,0.4503995,45.758
8,0,179,-2.035806,38.66935
9,0,0,0,0
9,0,0,0,0
11,0,131,-1.026204,31.14242
9,0,263,0.8390009,43.13535
9,0,274,-1.054809,45.38087
11,0,197,-3.539375,40.23014
12,0,0,0,0
12,0,0,0,0
12,0,0,0,0
12,0,0,0,0
12,0,201,-1.540207,40.12411
13,0,0,0,0
13,0,0,0,0
11,0,135,-5.026972,33.12973
12,0,0,0,0
12,0,0,0,0
12,0,0,0,0
8,0,274,0.4451997,48.13584
10,0,145,-4.02897,32.95076
11,0,0,0,0
11,0,0,0,0
11,0,0,0,0
11,0,0,0,0
10,0,200,0.4599998,41.12817
6,0,585,-2.117019,81.57571
7,0,0,0,0
7,0,0,0,0
7,0,0,0,0
7,0,0,0,0
7,0,0,0,0
9,0,265,-0.5530004,47.23069
8,0,137,-0.02739997,33.84681
12,0,142,-0.02839997,34.14864
13,0,0,0,0
8,0,289,0.9422031,50.73114
12,0,119,-3.023804,32.42341
13,0,0,0,0
13,0,0,0,0
13,0,0,0,0
13,0,0,0,0
13,0,0,0,0
10,0,194,-0.03879995,38.0881
11,0,0,0,0
9,0,158,-0.03159996,35.20345
13,0,175,-2.035006,37.11928
14,0,0,0,0
14,0,0,0,0
12,0,218,-3.54358,43.36573
13,0,0,0,0
13,0,0,0,0
13,0,0,0,0
13,0,0,0,0
8,0,339,0.9322037,54.07392
9,0,0,0,0
7,0,168,-5.033566,37.42266
8,0,0,0,0
8,0,0,0,0
8,0,0,0,0
8,0,0,0,0
8,0,0,0,0
11,0,198,-3.539576,40.07418
12,0,0,0,0
12,0,0,0,0
12,0,0,0,0
12,0,0,0,0
9,0,180,-0.03599995,37.17526
10,0,309,0.4381996,52.58575
11,0,0,0,0
11,0,0,0,0
11,0,0,0,0
13,0,205,-1.041007,39.74982
13,0,184,-5.036762,35.85353
14,0,0,0,0
14,0,0,0,0
14,0,0,0,0
14,0,0,0,0
14,0,0,0,0
9,0,379,-1.575813,54.74872
10,0,0,0,0
10,0,0,0,0
9,0,211,-0.04219994,42.57007
13,0,162,-4.032367,34.90811
14,0,0,0,0
14,0,0,0,0
14,0,0,0,0
14,0,0,0,0
9,0,163,-1.032605,36.1791
10,0,308,0.4383994,50.74159
11,0,0,0,0
11,0,345,0.4309993,54.88833
14,0,119,-0.02379997,32.73662
15,0,0,0,0
10,0,189,0.4621997,40.96615
11,0,590,1.381997,81.29533
12,0,0,0,0
11,0,319,-0.5637985,53.6752
12,0,0,0,0
10,0,125,-0.02499997,31.82745
8,0,269,-5.053745,46.42052
9,0,0,0,0
9,0,0,0,0
9,0,0,0,0
14,0,317,-1.063411,52.82103
15,0,0,0,0
15,0,0,0,0
10,0,161,-0.03219996,33.87576
12,0,122,-0.02439997,32.72289
14,0,164,-4.032766,36.43248
15,0,0,0,0
15,0,0,0,0
15,0,0,0,0
15,0,0,0,0
12,0,309,-3.561775,51.89306
13,0,0,0,0
13,0,0,0,0
13,0,0,0,0
13,0,0,0,0
11,0,270,-2.554009,47.14084
12,0,0,0,0
14,0,236,-5.047152,42.96118
15,0,0,0,0
15,0,0,0,0
15,0,0,0,0
15,0,0,0,0
15,0,0,0,0
15,0,155,-1.031005,36.61288
16,0,0,0,0
10,0,411,1.417802,62.97663
10,0,274,-1.554809,46.38467
11,0,0,0,0
11,0,0,0,0
11,0,159,-0.03179996,33.66073
15,0,142,-4.028371,33.1706
16,0,0,0,0
16,0,0,0,0
16,0,0,0,0
16,0,0,0,0
13,0,151,-4.030169,32.69235
14,0,0,0,0
14,0,0,0,0
14,0,0,0,0
14,0,0,0,0
12,0,231,-1.046208,41.02435
11,0,238,0.4523995,46.25991
13,0,233,0.9534011,43.62313
11,0,441,-0.08820233,69.91086
12,0,204,-0.04079995,38.95687
14,0,148,-4.02957,35.02782
15,0,0,0,0
15,0,0,0,0
15,0,0,0,0
15,0,0,0,0
15,0,372,-1.574412,59.87129
16,0,0,0,0
16,0,0,0,0
12,0,321,-0.5642052,48.65874
13,0,0,0,0
15,0,347,-4.569329,53.08764
16,0,0,0,0
16,0,0,0,0
16,0,0,0,0
9,0,413,-2.082614,69.58359
10,0,0,0,0
10,0,0,0,0
10,0,0,0,0
10,0,0,0,0
10,0,0,0,0
16,0,348,-0.06960236,55.76692
17,0,0,0,0
12,0,150,-0.02999996,36.08177
11,0,385,0.9230027,61.99372
12,0,536,0.3927992,76.29268
13,0,0,0,0
16,0,115,-3.023004,31.2681
17,0,0,0,0
17,0,0,0,0
17,0,0,0,0
17,0,0,0,0
17,0,0,0,0
15,0,188,-4.037561,37.15199
16,0,0,0,0
16,0,0,0,0
16,0,0,0,0
16,0,0,0,0
16,1,430,0.8710134,50.15539
10,0,191,-5.038161,41.61695
11,0,0,0,0
11,0,0,0,0
11,0,0,0,0
13,0,128,-0.02559997,31.73755
11,0,508,-1.101617,72.02751
12,0,0,0,0
12,0,0,0,0
11,0,682,0.863609,85.30083
12,0,434,0.9132039,63.51541
16,0,155,-4.030968,34.48388
17,0,0,0,0
17,0,0,0,0
17,0,0,0,0
17,0,0,0,0
13,0,481,0.7852054,69.33749
13,0,399,0.4201992,58.57043
14,0,476,0.404799,63.7905
14,0,132,-0.02639997,30.1445
17,0,155,-0.03099996,35.0841
18,0,0,0,0
18,0,0,0,0
18,0,0,0,0
18,0,0,0,0
17,0,236,-4.547152,46.23475
18,0,0,0,0
18,0,0,0,0
18,0,0,0,0
17,0,354,-0.2780036,55.91402
18,0,0,0,0
16,1,412,2.876386,51.55136
11,0,193,-3.038606,38.74553
12,0,0,0,0
12,0,0,0,0
12,0,0,0,0
12,0,0,0,0
12,0,0,0,0
15,0,123,-0.02459997,32.74482
13,0,204,0.4591997,41.45376
14,0,189,0.4621998,39.66368
15,0,187,-0.03739995,38.07098
18,0,130,-1.026004,35.48783
19,0,0,0,0
13,0,410,-0.081999,62.85408
14,0,0,0,0
17,0,224,-3.544772,41.90458
18,0,0,0,0
18,0,0,0,0
18,0,0,0,0
18,0,0,0,0
13,0,544,-0.2256017,76.42236
14,0,0,0,0
16,0,104,-0.02079998,31.50129
12,0,178,-5.035563,34.97179
13,0,0,0,0
13,0,0,0,0
13,0,0,0,0
13,0,0,0,0
13,0,0,0,0
12,0,364,-1.072812,54.74818
13,0,0,0,0
13,0,0,0,0
12,0,318,0.4363994,51.87476
13,0,0,0,0
17,0,247,0.2463997,44.82465
18,0,0,0,0
18,0,0,0,0
18,0,292,-3.05841,48.84323
19,0,0,0,0
19,0,0,0,0
19,0,0,0,0
19,0,0,0,0
19,0,0,0,0
19,0,136,-1.027205,31.54032
15,0,179,-0.03579995,36.03231
14,0,404,0.2705982,57.23837
15,0,0,0,0
12,0,623,0.8754077,78.57919
13,0,152,-5.030369,35.26208
14,0,0,0,0
14,0,0,0,0
14,0,0,0,0
13,0,150,-1.030005,36.69064
14,0,0,0,0
18,0,157,-2.031405,35.96971
19,0,0,0,0
19,0,0,0,0
14,0,314,0.937202,53.84193
19,0,155,-5.030968,34.18792
20,0,0,0,0
20,0,0,0,0
20,0,0,0,0
17,0,245,0.4509997,43.9079
14,0,300,-0.06000217,50.24076
15,0,0,0,0
18,0,481,-3.417791,67.07408
19,0,0,0,0
19,0,0,0,0
19,0,0,0,0
19,0,0,0,0
20,0,201,-0.04019995,39.90929
21,0,0,0,0
15,0,163,-1.032605,35.61034
16,0,0,0,0
16,0,371,0.9258026,60.16666
14,0,385,-0.5770023,53.38411
15,0,0,0,0
15,0,0,0,0
15,0,0,0,0
18,1,396,0.8812188,46.23111
14,0,186,-1.037206,36.02899
14,0,210,-3.042007,43.32978
15,0,0,0,0
15,0,0,0,0
15,0,0,0,0
15,0,0,0,0
15,0,0,0,0
13,0,360,-1.072012,56.30193
14,0,0,0,0
14,0,0,0,0
15,0,130,-1.026004,32.06536
16,0,280,0.4439994,49.46614
21,0,137,-1.027405,31.3014
19,0,306,-1.818208,52.25334
20,0,0,0,0
20,0,0,0,0
17,0,147,-0.02939996,37.04337
20,0,329,-3.065811,47.70881
21,0,0,0,0
21,0,0,0,0
21,0,0,0,0
16,0,188,-0.03759995,38.37731
19,0,326,-3.065179,55.92894
20,0,0,0,0
20,0,0,0,0
20,0,0,0,0
20,0,0,0,0
15,0,360,0.9280044,55.43674
19,0,261,0.9478016,49.25552
20,0,0,0,0
20,0,0,0,0
20,0,0,0,0
20,0,0,0,0
13,0,559,1.2786,76.74963
22,0,281,0.3227991,47.3278
23,0,0,0,0
14,1,338,2.898589,45.76824
17,0,178,0.4643998,40.82497
18,0,0,0,0
18,0,578,1.884398,89.07999
19,0,0,0,0
16,0,551,0.3897976,75.08896
15,0,516,-2.212219,70.16305
16,0,0,0,0
21,0,306,-2.56121,52.37506
22,0,0,0,0
22,0,0,0,0
22,0,0,0,0
18,0,337,1.932595,56.8823
20,0,317,-3.563374,55.68702
21,0,0,0,0
21,0,0,0,0
21,0,0,0,0
21,0,0,0,0
15,0,218,0.4563997,43.36583
16,0,0,0,0
16,0,0,0,0
14,0,255,0.949001,47.26191
20,1,378,0.784813,46.12157
23,0,275,-0.680799,48.95593
24,0,0,0,0
15,0,631,-4.12607,83.56871
16,0,0,0,0
16,0,0,0,0
16,0,0,0,0
16,0,0,0,0
16,0,0,0,0
15,0,647,1.870599,90.86591
16,0,0,0,0
20,1,480,2.734985,50.4645
21,0,114,-4.022777,31.5596
22,0,0,0,0
22,0,0,0,0
22,0,0,0,0
22,0,0,0,0
17,0,236,0.7132003,48.58461
19,0,210,0.4579997,41.28836
15,0,271,0.4457996,44.34813
20,0,182,0.4635998,39.74275
16,1,359,2.791688,40.74827
21,1,337,4.898903,46.31777
21,0,322,0.8356031,54.12979
22,0,0,0,0
22,0,0,0,0
19,0,528,0.8943994,85.33295
20,0,0,0,0
18,0,654,0.8691998,87.52054
19,0,0,0,0
16,0,190,-0.03799995,37.46433
22,1,379,0.7653267,47.22557
22,0,209,-2.041807,38.43259
23,0,0,0,0
23,0,0,0,0
17,0,158,-0.03159996,34.86309
17,1,347,4.8959,45.32671
20,0,312,-0.5623987,58.71459
21,0,0,0,0
16,0,1084,2.069981,137.6789
22,0,382,0.9236013,56.02155
23,0,0,0,0
23,0,0,0,0
23,0,0,0,0
23,0,0,0,0
16,1,776,0.6673164,93.80924
22,0,927,-1.800433,120.0154
23,0,0,0,0
23,0,0,0,0
23,0,0,0,0
23,0,0,0,0
18,1,320,4.804004,42.59148
18,0,392,0.9216023,55.95887
19,0,560,0.3879975,76.90287
20,0,0,0,0
23,0,425,-0.8868087,63.41259
24,0,0,0,0
24,0,0,0,0
23,1,339,0.898314,39.20256
16,1,1283,6.11509,146.2872
23,0,731,0.8538069,96.45464
24,0,0,0,0
24,0,0,0,0
24,0,0,0,0
24,0,0,0,0
18,1,1156,6.951978,134.6645
24,0,222,0.9556009,43.19966
25,0,0,0,0
25,0,0,0,0
25,0,0,0,0
25,0,0,0,0
16,1,1288,5.793788,147.085
24,0,1322,3.735579,177.0433
25,0,0,0,0
21,0,668,1.866397,99.087
22,0,0,0,0
24,0,373,-1.175212,54.51202
25,0,0,0,0
25,0,0,0,0
19,1,411,4.876704,48.84007
24,1,349,0.795331,46.79053
25,0,293,-1.16041,53.2545
26,0,0,0,0
26,0,0,0,0
25,0,336,-0.8851995,53.1985
26,0,0,0,0
25,0,473,-3.09459,65.30354
26,0,0,0,0
26,0,0,0,0
26,0,0,0,0
26,0,0,0,0
17,1,971,5.478693,96.13508
20,1,391,4.882699,46.51269
17,1,1162,7.050778,131.0443
18,0,134,-0.02679997,33.42036
19,0,0,0,0
19,0,0,0,0
19,0,0,0,0
17,0,591,1.881795,87.28212
18,0,0,0,0
25,1,414,4.8758,45.7809
19,0,960,3.198382,131.2743
17,0,2747,7.849697,325.2583
18,0,0,0,0
26,1,388,0.8836193,45.23329
21,1,428,4.871605,48.52807
26,0,620,0.7328011,88.9648
27,0,0,0,0
26,1,351,4.894704,43.08726
17,1,1132,7.160379,135.408
19,1,1091,7.440873,131.7415
26,1,758,3.772584,84.19924
22,0,1076,2.784784,138.2505
23,0,0,0,0
20,0,1493,3.601381,180.4525
27,1,412,4.657799,45.08731
22,0,353,0.7928063,61.73299
23,0,0,0,0
23,0,0,0,0
19,0,721,-1.862227,94.68297
20,0,0,0,0
20,0,0,0,0
20,0,0,0,0
20,0,0,0,0
20,0,0,0,0
27,1,352,4.894404,41.90983
21,1,2488,10.43152,296.8531
27,1,403,5.879095,54.34487
27,0,547,0.8905981,82.77087
28,0,0,0,0
28,1,363,4.8911,45.60995
23,1,357,2.892888,47.46149
20,0,342,-4.787525,60.37549
21,0,0,0,0
21,0,0,0,0
21,0,0,0,0
21,0,0,0,0
21,0,0,0,0
28,1,335,4.8995,43.49977
18,0,770,1.1878,109.9872
19,0,0,0,0
19,0,0,0,0
19,0,0,0,0
18,0,1166,2.266785,142.0342
19,0,0,0,0
20,0,724,2.355191,98.53355
21,0,0,0,0
20,1,1141,7.455277,139.2536
18,0,1271,3.907368,163.9298
19,0,0,0,0
28,1,405,4.878504,49.18929
29,1,320,4.904003,43.64136
24,0,315,1.436999,54.88082
25,0,0,0,0
25,0,0,0,0
29,1,344,4.896803,44.2813
19,0,298,-0.05960168,53.23677
20,0,0,0,0
18,1,1340,7.097982,158.2474
30,1,261,4.921702,40.84494
29,0,300,0.9400019,54.27471
30,0,0,0,0
30,0,0,0,0
25,1,339,3.398289,46.38527
30,1,350,4.752999,43.61459
21,1,736,0.6553197,90.31447
31,1,301,4.9097,41.47715
30,1,303,2.90909,39.80034
26,1,276,4.917203,39.1462
19,0,737,0.941802,109.8967
28,0,1051,2.170584,141.766
29,0,0,0,0
19,0,476,1.404802,74.30472
21,0,1457,4.585238,186.9758
31,1,321,4.903703,46.8856
20,0,684,1.363195,102.9907
21,0,0,0,0
32,1,298,4.910603,43.05199
31,1,267,4.919903,40.64814
29,0,268,-0.1584013,54.32098
30,0,0,0,0
27,1,317,4.9049,42.81222
22,0,1412,4.217591,176.0825
21,1,1146,6.450181,140.5462
32,1,330,4.901003,46.81939
22,1,633,6.107693,88.03145
20,0,442,1.411599,72.41915
32,1,297,4.9109,41.50512
19,1,1426,3.57216,170.1917
33,1,335,4.8995,41.53729
33,1,598,4.689404,79.51497
33,1,335,4.797102,48.07389
22,0,555,2.388996,98.96388
23,1,3975,6.570854,444.9457
28,1,645,4.792101,75.35736
34,1,246,4.926203,38.34124
29,0,206,0.9588012,43.29876
30,0,0,0,0
30,0,0,0,0
23,1,718,5.952787,91.1125
34,1,394,4.881804,49.87535
22,0,1227,4.254599,169.4361
21,0,1153,3.769382,161.711
35,1,308,4.393202,43.22985
21,1,2186,11.22578,270.9029
